{"0.1": [[0, {"loss": [0.16198725998401642, 0.3879014149308205, 0.8568726778030396]}], [1, {"loss": [0.10249965637922287, 0.12909611463546752, 0.15684042870998383]}], [2, {"loss": [0.09774678945541382, 0.11161246076226235, 0.1241404265165329]}], [3, {"loss": [0.09917644411325455, 0.10922281444072723, 0.12156446278095245]}], [4, {"loss": [0.07588622719049454, 0.08653658330440521, 0.09592310339212418]}], [5, {"loss": [0.07506834715604782, 0.0829527199268341, 0.09454403072595596]}], [6, {"loss": [0.07373145967721939, 0.08126098662614822, 0.09079425781965256]}], [7, {"loss": [0.07591352611780167, 0.08282050713896752, 0.08999653905630112]}], [8, {"loss": [0.06796685606241226, 0.0767930768430233, 0.08482301235198975]}], [9, {"loss": [0.06390316784381866, 0.0742721289396286, 0.0869569256901741]}], [10, {"loss": [0.061317574232816696, 0.06712880954146386, 0.08206651359796524]}], [11, {"loss": [0.061470407992601395, 0.06644246503710746, 0.07307366281747818]}], [12, {"loss": [0.0478537455201149, 0.05543741919100285, 0.05837783217430115]}], [13, {"loss": [0.0625070333480835, 0.06782638877630234, 0.07604248821735382]}], [14, {"loss": [0.04951950162649155, 0.061801804974675176, 0.07542294263839722]}], [15, {"loss": [0.05464044213294983, 0.06317046657204628, 0.07915772497653961]}], [16, {"loss": [0.056761160492897034, 0.06591349430382251, 0.09365928918123245]}], [17, {"loss": [0.05697068199515343, 0.06393291354179383, 0.07362518459558487]}]], "0.2": [[18, {"loss": [0.2856702506542206, 0.3820268362760544, 0.6565501093864441]}], [19, {"loss": [0.246196910738945, 0.2620418921113014, 0.27847257256507874]}], [20, {"loss": [0.24528203904628754, 0.25598952919244766, 0.27293577790260315]}], [21, {"loss": [0.24146275222301483, 0.2519312873482704, 0.2630571722984314]}], [22, {"loss": [0.23983009159564972, 0.24811410009860993, 0.25757431983947754]}], [23, {"loss": [0.23486113548278809, 0.2472248673439026, 0.25903671979904175]}], [24, {"loss": [0.2260226607322693, 0.23681529462337494, 0.2450314611196518]}], [25, {"loss": [0.22357098758220673, 0.22968131601810454, 0.25032758712768555]}], [26, {"loss": [0.2261410802602768, 0.23304325938224793, 0.2415885031223297]}], [27, {"loss": [0.21392300724983215, 0.22420903593301772, 0.2297678291797638]}], [28, {"loss": [0.22520573437213898, 0.23622563630342483, 0.24901032447814941]}], [29, {"loss": [0.2119198888540268, 0.2193254679441452, 0.23171861469745636]}], [30, {"loss": [0.20624029636383057, 0.21475768387317656, 0.22801735997200012]}], [31, {"loss": [0.2036326825618744, 0.21274325847625733, 0.22487300634384155]}], [32, {"loss": [0.2033008337020874, 0.21605837047100068, 0.22284455597400665]}], [33, {"loss": [0.19939811527729034, 0.21202235221862792, 0.2248460352420807]}], [34, {"loss": [0.18887856602668762, 0.1980367511510849, 0.21062210202217102]}], [35, {"loss": [0.21251992881298065, 0.21945827454328537, 0.22966107726097107]}], [36, {"loss": [0.18566495180130005, 0.2021124005317688, 0.21522590517997742]}], [37, {"loss": [0.19061678647994995, 0.197144778072834, 0.20746426284313202]}], [38, {"loss": [0.19759349524974823, 0.20401293486356736, 0.21472784876823425]}], [39, {"loss": [0.1969226747751236, 0.2126324623823166, 0.22820954024791718]}], [40, {"loss": [0.1981048732995987, 0.20737995505332946, 0.21445302665233612]}], [41, {"loss": [0.2077905833721161, 0.2166532188653946, 0.2321327179670334]}], [42, {"loss": [0.2093164026737213, 0.22189654111862184, 0.24079124629497528]}]], "0.3": [[43, {"loss": [0.3023855984210968, 0.3688452780246735, 0.5620230436325073]}], [44, {"loss": [0.30919089913368225, 0.322850501537323, 0.3419659733772278]}], [45, {"loss": [0.2841799855232239, 0.2917374908924103, 0.30482199788093567]}], [46, {"loss": [0.2892633378505707, 0.3008196949958801, 0.3088859021663666]}], [47, {"loss": [0.2804928123950958, 0.2877692520618439, 0.299742192029953]}], [48, {"loss": [0.28827032446861267, 0.2979412078857422, 0.3143555521965027]}], [49, {"loss": [0.27745282649993896, 0.2869797319173813, 0.30884605646133423]}], [50, {"loss": [0.2652783691883087, 0.2718000262975693, 0.2807601988315582]}], [51, {"loss": [0.2724219858646393, 0.2817246586084366, 0.29411596059799194]}], [52, {"loss": [0.2727821171283722, 0.28158393800258635, 0.28893139958381653]}], [53, {"loss": [0.26919588446617126, 0.27879542410373687, 0.288579523563385]}], [54, {"loss": [0.2766934931278229, 0.28447945415973663, 0.29079669713974]}], [55, {"loss": [0.27153515815734863, 0.284554722905159, 0.2956372797489166]}]], "0.4": [[56, {"loss": [0.3364168703556061, 0.3751558691263199, 0.46872979402542114]}], [57, {"loss": [0.319252610206604, 0.32631196081638336, 0.33654162287712097]}], [58, {"loss": [0.3234732151031494, 0.3315200239419937, 0.3438979387283325]}], [59, {"loss": [0.2977603077888489, 0.30962899029254914, 0.3193742036819458]}], [60, {"loss": [0.3050422966480255, 0.3145245909690857, 0.32588085532188416]}], [61, {"loss": [0.328672856092453, 0.33781480193138125, 0.35557490587234497]}], [62, {"loss": [0.3152995705604553, 0.3247845619916916, 0.34639641642570496]}], [63, {"loss": [0.31004658341407776, 0.3200110048055649, 0.33374693989753723]}], [64, {"loss": [0.304318904876709, 0.31600683331489565, 0.32463255524635315]}]], "0.5": [[65, {"loss": [0.3452100455760956, 0.3687903493642807, 0.42974382638931274]}], [66, {"loss": [0.33102086186408997, 0.34293209612369535, 0.3634722828865051]}], [67, {"loss": [0.34434399008750916, 0.35397333800792696, 0.3726445138454437]}], [68, {"loss": [0.3378385007381439, 0.3457143008708954, 0.3576871454715729]}], [69, {"loss": [0.3253912031650543, 0.3414770245552063, 0.35464686155319214]}], [70, {"loss": [0.3477354347705841, 0.3591234624385834, 0.3757617473602295]}], [71, {"loss": [0.34088242053985596, 0.35061954855918886, 0.36614856123924255]}], [72, {"loss": [0.33767926692962646, 0.3476341128349304, 0.3683972656726837]}], [73, {"loss": [0.3333543539047241, 0.3430372208356857, 0.3560425341129303]}], [74, {"loss": [0.33899474143981934, 0.3504016429185867, 0.37232542037963867]}]], "0.6": [[75, {"loss": [0.35389238595962524, 0.3789219528436661, 0.4250504970550537]}], [76, {"loss": [0.3460220992565155, 0.35344005823135377, 0.3641912639141083]}], [77, {"loss": [0.34209322929382324, 0.3545326918363571, 0.3709506094455719]}], [78, {"loss": [0.35187843441963196, 0.36139920353889465, 0.3742160201072693]}], [79, {"loss": [0.35417547821998596, 0.3695425927639008, 0.3897644281387329]}], [80, {"loss": [0.34954366087913513, 0.3615731537342072, 0.3723905682563782]}], [81, {"loss": [0.3548097312450409, 0.367252442240715, 0.3836352229118347]}]], "0.7": [[82, {"loss": [0.3526838719844818, 0.37539976835250854, 0.4037932753562927]}], [83, {"loss": [0.35343998670578003, 0.3677837163209915, 0.38084542751312256]}], [84, {"loss": [0.35660067200660706, 0.370114341378212, 0.38992100954055786]}], [85, {"loss": [0.36275145411491394, 0.37491729855537415, 0.3909592926502228]}], [86, {"loss": [0.35904914140701294, 0.3736546665430069, 0.39352288842201233]}], [87, {"loss": [0.3663853406906128, 0.3753893166780472, 0.3936396837234497]}], [88, {"loss": [0.36557018756866455, 0.37731502652168275, 0.39561471343040466]}]], "0.8": [[89, {"loss": [0.35056716203689575, 0.3671595871448517, 0.38787439465522766]}], [90, {"loss": [0.38085561990737915, 0.3925559312105179, 0.40628185868263245]}], [91, {"loss": [0.3736076056957245, 0.3889476865530014, 0.41321849822998047]}], [92, {"loss": [0.3593645393848419, 0.37422228455543516, 0.3924233019351959]}], [93, {"loss": [0.36655789613723755, 0.37954995930194857, 0.39694833755493164]}], [94, {"loss": [0.358208566904068, 0.3682346850633621, 0.3852934241294861]}]],