{"0.0": [[0, {"loss": [0.19828689098358154, 0.29886817634105683, 0.4722524881362915]}], [1, {"loss": [0.1185065507888794, 0.14086679071187974, 0.19671912491321564]}], [2, {"loss": [0.07992247492074966, 0.09083145335316659, 0.11151111871004105]}], [3, {"loss": [0.05745607614517212, 0.06934381797909736, 0.08110075443983078]}], [4, {"loss": [0.047545380890369415, 0.05873874127864838, 0.07033800333738327]}], [5, {"loss": [0.04261678457260132, 0.05151771977543831, 0.06648202985525131]}], [6, {"loss": [0.03939911723136902, 0.048544368520379064, 0.05658929422497749]}], [7, {"loss": [0.03913687914609909, 0.045979682356119156, 0.054125476628541946]}], [8, {"loss": [0.0367206446826458, 0.042594045773148535, 0.05415909364819527]}], [9, {"loss": [0.034931812435388565, 0.03771230168640614, 0.040447819977998734]}], [10, {"loss": [0.032220032066106796, 0.039365525171160695, 0.046517129987478256]}], [11, {"loss": [0.031325459480285645, 0.03570358268916607, 0.04293431341648102]}], [12, {"loss": [0.03046630136668682, 0.03395459707826376, 0.03778134286403656]}], [13, {"loss": [0.034482330083847046, 0.04234104044735432, 0.05565974861383438]}], [14, {"loss": [0.03161521255970001, 0.039202846586704254, 0.04878539592027664]}], [15, {"loss": [0.025182394310832024, 0.030150848999619485, 0.03953315317630768]}], [16, {"loss": [0.031098831444978714, 0.03644154481589794, 0.04325241222977638]}], [17, {"loss": [0.027997372671961784, 0.03153960406780243, 0.04186790809035301]}], [18, {"loss": [0.024063050746917725, 0.02956900279968977, 0.03604370355606079]}], [19, {"loss": [0.032918862998485565, 0.03932529836893082, 0.04408268630504608]}], [20, {"loss": [0.030039602890610695, 0.03325483873486519, 0.03665340691804886]}], [21, {"loss": [0.026955490931868553, 0.03168992418795824, 0.040106963366270065]}], [22, {"loss": [0.022496599704027176, 0.02670170683413744, 0.03560846298933029]}], [23, {"loss": [0.02100062370300293, 0.02398801054805517, 0.03085385635495186]}], [24, {"loss": [0.019866907969117165, 0.02512325216084719, 0.036486756056547165]}], [25, {"loss": [0.02142288163304329, 0.027828794531524183, 0.05373072996735573]}], [26, {"loss": [0.021689187735319138, 0.025929496623575687, 0.03694028779864311]}], [27, {"loss": [0.022341081872582436, 0.025219377130270004, 0.029429033398628235]}], [28, {"loss": [0.02018280327320099, 0.023517459444701672, 0.032392341643571854]}], [29, {"loss": [0.0189620740711689, 0.020681158639490604, 0.02521262876689434]}], [30, {"loss": [0.021836502477526665, 0.026351853273808956, 0.03236013278365135]}], [31, {"loss": [0.022718850523233414, 0.02888176366686821, 0.04143790900707245]}], [32, {"loss": [0.018108125776052475, 0.019582431204617022, 0.023899544030427933]}], [33, {"loss": [0.019734283909201622, 0.021633116528391838, 0.0275630634278059]}], [34, {"loss": [0.019066737964749336, 0.021862952411174773, 0.026223158463835716]}], [35, {"loss": [0.01727369986474514, 0.019476468302309514, 0.022109758108854294]}], [36, {"loss": [0.017721662297844887, 0.019903470017015933, 0.02456769533455372]}], [37, {"loss": [0.01996229588985443, 0.022009609453380107, 0.02440396323800087]}], [38, {"loss": [0.020169509574770927, 0.027895036153495312, 0.03786933422088623]}], [39, {"loss": [0.018583986908197403, 0.0210326312109828, 0.02448415942490101]}], [40, {"loss": [0.018575357273221016, 0.01978480014950037, 0.02255316451191902]}], [41, {"loss": [0.017331663519144058, 0.019089613296091556, 0.02615230530500412]}], [42, {"loss": [0.020897988229990005, 0.02220957726240158, 0.027989814057946205]}], [43, {"loss": [0.017202729359269142, 0.018812399171292783, 0.02356787957251072]}]], "0.25": [[44, {"loss": [0.2227390557527542, 0.35818152129650116, 0.8549565076828003]}], [45, {"loss": [0.16217850148677826, 0.22415923774242402, 0.34232422709465027]}], [46, {"loss": [0.1225903332233429, 0.1873187765479088, 0.32074761390686035]}], [47, {"loss": [0.0980362594127655, 0.16267050057649612, 0.3046351671218872]}], [48, {"loss": [0.08990131318569183, 0.1461576245725155, 0.2745387554168701]}], [49, {"loss": [0.07040292769670486, 0.1336543582379818, 0.2850281894207001]}], [50, {"loss": [0.06526240706443787, 0.13249915838241577, 0.30568960309028625]}], [51, {"loss": [0.06111423671245575, 0.12257656082510948, 0.28996390104293823]}], [52, {"loss": [0.04998410865664482, 0.10484452806413173, 0.26562565565109253]}], [53, {"loss": [0.05000768229365349, 0.11364712566137314, 0.2868196368217468]}], [54, {"loss": [0.05438985675573349, 0.11417943686246872, 0.2800337076187134]}], [55, {"loss": [0.04626762121915817, 0.1065623976290226, 0.2793663740158081]}], [56, {"loss": [0.04548957198858261, 0.09800412766635418, 0.26482725143432617]}], [57, {"loss": [0.04268613085150719, 0.0990617822855711, 0.28558024764060974]}], [58, {"loss": [0.03675440326333046, 0.08475727885961533, 0.25684013962745667]}], [59, {"loss": [0.043612100183963776, 0.10046580471098424, 0.2704973816871643]}], [60, {"loss": [0.03829327970743179, 0.08718131892383099, 0.23952606320381165]}], [61, {"loss": [0.03849482163786888, 0.09006690047681332, 0.25857773423194885]}], [62, {"loss": [0.0435824915766716, 0.09831572100520133, 0.267211377620697]}], [63, {"loss": [0.04898490384221077, 0.1044578019529581, 0.2625572383403778]}], [64, {"loss": [0.04194856807589531, 0.0855830155313015, 0.2321179360151291]}]], "0.5": [[65, {"loss": [0.10780747979879379, 0.2624133132398129, 0.768541157245636]}], [66, {"loss": [0.07373557239770889, 0.19003129750490189, 0.49080440402030945]}], [67, {"loss": [0.06284870207309723, 0.1879954606294632, 0.544214129447937]}], [68, {"loss": [0.05996967479586601, 0.18880667425692083, 0.5541131496429443]}], [69, {"loss": [0.05146407335996628, 0.16964178755879403, 0.5364142060279846]}], [70, {"loss": [0.04943900182843208, 0.17241106182336807, 0.5608387589454651]}], [71, {"loss": [0.05793117359280586, 0.18611911498010159, 0.5606906414031982]}], [72, {"loss": [0.044369667768478394, 0.1596753802150488, 0.533845067024231]}], [73, {"loss": [0.04670976847410202, 0.16249931268393994, 0.5433699488639832]}], [74, {"loss": [0.04066069424152374, 0.15490675680339336, 0.5404596924781799]}], [75, {"loss": [0.0483153834939003, 0.1671767510473728, 0.5539339184761047]}], [76, {"loss": [0.041378751397132874, 0.1643021207302809, 0.5366384983062744]}], [77, {"loss": [0.04250980541110039, 0.16230772621929646, 0.5442013144493103]}], [78, {"loss": [0.043402209877967834, 0.16349155269563198, 0.5627815127372742]}], [79, {"loss": [0.04667634516954422, 0.17568361721932887, 0.5835011601448059]}], [80, {"loss": [0.04387829452753067, 0.15308832861483096, 0.515204906463623]}], [81, {"loss": [0.030725155025720596, 0.15050947070121765, 0.5282436013221741]}], [82, {"loss": [0.032591186463832855, 0.14624974839389324, 0.5343203544616699]}], [83, {"loss": [0.03387755528092384, 0.14747316315770148, 0.5432206988334656]}], [84, {"loss": [0.03255916014313698, 0.1476485624909401, 0.5509262681007385]}], [85, {"loss": [0.025974329560995102, 0.1410291513428092, 0.5334436297416687]}]],